{
  "AAL": "Aalborg",
  "AAR": "Aarhus",
  "ABD": "Abadan",
  "ABA": "Abakan",
  "ABR": "Aberdeen",
  "ABZ": "Aberdeen",
  "AHB": "Abha",
  "AUH": "Abu Dhabi",
  "ABJ": "Abidjan",
  "ABI": "Abilene",
  "ABV": "Abuja",
  "ACA": "Acapulco",
  "AGV": "Acarigua",
  "ACC": "Accra",
  "ADK": "Adak Island",
  "ADA": "Adana",
  "ADD": "Addis Ababa",
  "ADL": "Adelaide",
  "ADE": "Aden",
  "AER": "Adler",
  "AGA": "Agadir",
  "AGU": "Aguascaliente",
  "AMD": "Ahmedabad",
  "AJA": "Ajaccio",
  "KKI": "Akiachak",
  "AKI": "Akiak",
  "AXT": "Akita",
  "CAK": "Akron/Canton",
  "ABT": "Al-Baha",
  "FJR": "Al-Fujairah",
  "ABY": "Albany",
  "ALB": "Albany",
  "YAL": "Albert Bay",
  "ABQ": "Albuquerque",
  "AXD": "Aleandroupolis",
  "ALP": "Aleppo",
  "ESF": "Alexandria",
  "ALG": "Algiers",
  "ALC": "Alicante",
  "AET": "Allakaket",
  "ABE": "Allentown",
  "ALA": "Alma Ata",
  "AOR": "Alor Setar",
  "AOO": "Altoona",
  "AMA": "Amarillo",
  "AHT": "Amchitka",
  "AMM": "Amman",
  "ATQ": "Amritsar",
  "AMS": "Amsterdam",
  "SPL": "Amsterdam, Schiphol Airport",
  "BGW": "Baghdad, Al Muthana",
  "SDA": "Baghdad, Saddam International",
  "BAH": "Bahrain",
  "BFL": "Bakers eld",
  "DPS": "Bali Island, Denpasar",
  "BBA": "Balmaceda",
  "BWI": "Baltimore",
  "MTN": "Baltimore, Gl. Martin",
  "BKO": "Bamako",
  "BND": "Bandar Abbas",
  "BWN": "Bandar Seri Bagawan",
  "BLR": "Bangalore",
  "BKK": "Bangkok",
  "BGR": "Bangor",
  "BGF": "Bangui",
  "BJL": "Banjul",
  "BAV": "Baotou",
  "BGI": "Barbados",
  "BCN": "Barcelona",
  "BLA": "Barcelona",
  "BDU": "Bardufoss",
  "BRI": "Bari",
  "BNS": "Barinas",
  "BRM": "Barquisimeto",
  "BAQ": "Barranquilla",
  "BRW": "Barrow",
  "BSL": "Basle",
  "BSR": "Basra",
  "BIA": "Bastia",
  "BIK": "Biak",
  "BTR": "Baton Rouge",
  "BTL": "Battle Creek",
  "MBS": "Bay City/Saginaw",
  "BPT": "Beaumont",
  "WBQ": "Beaver",
  "EIS": "Beef Island, Tortola",
  "BJS": "Beijing",
  "PEK": "Beijing",
  "NAY": "Beijing, Nanyuan Airport",
  "BEW": "Beira",
  "BEY": "Beirut",
  "BEL": "Belem",
  "BFS": "Belfast",
  "BHD": "Belfast, Belfast City",
  "BEG": "Belgrade",
  "BZE": "Belize",
  "TZA": "Belize, Municipal",
  "BLI": "Bellingham",
  "BHZ": "Belo Horizonte",
  "BEN": "Benghazi",
  "BGO": "Bergen",
  "BER": "Berlin",
  "SXF": "Berlin, Schonefeld",
  "TXL": "Berlin, Tegel",
  "THF": "Berlin, Tempelhof",
  "BDA": "Bermuda",
  "BRN": "Bern",
  "BET": "Bethel",
  "BTT": "Bettles",
  "CNS": "Cairns",
  "CAI": "Cairo",
  "CJA": "Cajamarca",
  "CJC": "Calama",
  "CCU": "Calcutta",
  "YYC": "Calgary",
  "CLO": "Cali",
  "CCJ": "Calicut",
  "CLY": "Calvi",
  "YCB": "Cambridge Bay",
  "CGR": "Campo Grande",
  "CAJ": "Canaima",
  "CUN": "Cancun",
  "CGI": "Cape Girardeau",
  "CPT": "Cape Town",
  "CCS": "Caracas",
  "CWL": "Cardi",
  "CNM": "Carlsbad",
  "CTG": "Cartagena",
  "CUP": "Carupano",
  "AAA": "Casablanca",
  "CMN": "Casablanca, Mohamed V",
  "CAS": "Casablanca, Anfa",
  "CPR": "Casper",
  "CTA": "Catania",
  "CAY": "Cayenne",
  "CEB": "Cebu",
  "CDC": "Cedar City",
  "CID": "Cedar Rapids / Iowa City",
  "CHH": "Chachapoyas",
  "CIK": "Chalkyits",
  "CMI": "Champaign",
  "CGQ": "Changchun",
  "CSX": "Changsha",
  "CHS": "Charleston",
  "CLT": "Charlotte",
  "CHA": "Chattanooga",
  "CYF": "Chefornak",
  "CJU": "Cheju",
  "CTU": "Chengdu",
  "CTM": "Chetumal",
  "VAK": "Chevak",
  "CNX": "Chiang Mai",
  "CHI": "Chicago",
  "CGX": "Chicago, Merill C. Meigs",
  "MDW": "Chicago, Midway",
  "ORD": "Chicago, O\u2019Hare",
  "CZA": "Chichenitza",
  "CIX": "Chiclayo",
  "CIC": "Chico",
  "KCL": "Chignik",
  "CUU": "Chihuahua",
  "HIB": "Chisholm",
  "CGP": "Chittagong",
  "DKR": "Dakar",
  "DLM": "Dalaman",
  "DLC": "Dalian",
  "DFW": "Dallas/Ft. Worth",
  "DAL": "Dallas, Love Field",
  "DAM": "Damascus",
  "DNV": "Danville",
  "DAR": "Dar Es Salaam",
  "DRW": "Darwin",
  "DVO": "Davao",
  "DAY": "Dayton",
  "DAB": "Daytona Beach",
  "DEC": "Decatur",
  "YDF": "Deer Lake",
  "DEL": "Delhi",
  "DTA": "Delta",
  "DEN": "Denver",
  "DSM": "Des Moines",
  "DTT": "Detroit",
  "DTW": "Detroit",
  "DET": "Detroit City",
  "YIP": "Detroit, Willow Run",
  "DHA": "Dhahran",
  "ELS": "East London",
  "EMA": "East Midlands",
  "IPC": "Easter Island",
  "EDI": "Edinburgh",
  "YEA": "Edmonton",
  "YEG": "Edmonton, Albert Int\u2019l",
  "YXD": "Edmonton, Municipal",
  "YED": "Edmonton, Namao Field",
  "EEK": "Eek",
  "VPS": "Eglin Afb/Valparaiso",
  "EIN": "Eindhoven",
  "ELP": "El Paso",
  "ESR": "El Salvador",
  "ETH": "Elat",
  "EKO": "Elko",
  "ELY": "Ely",
  "FAI": "Fairbanks",
  "EWB": "Fall River, New Bedford",
  "KFP": "False Pass",
  "FAR": "Fargo",
  "FAO": "Faro",
  "FAY": "Fayetteville",
  "FYV": "Fayetteville",
  "FEZ": "Fez",
  "FIL": "Fillmore",
  "FLG": "Flagsta",
  "FNT": "Flint",
  "FLR": "Florence",
  "MSL": "Florence",
  "FRS": "Flores",
  "YVP": "Fort Chima",
  "FMY": "Fort Myers",
  "YYE": "Fort Nelson",
  "YXJ": "Fort St. John",
  "FOR": "Fortaleza",
  "GNV": "Gainesvile",
  "GAL": "Galena",
  "GOU": "Garoua",
  "ELQ": "Gassim",
  "GAU": "Gauhati",
  "GMA": "Gemena",
  "GVA": "Geneva",
  "GOA": "Genoa",
  "GGG": "Gladewater, Longview",
  "GLA": "Glasgow",
  "PIK": "Glasgow, Prestwick",
  "GOM": "Goma",
  "GNU": "Goodnew Bay",
  "YYR": "Goose Bay",
  "GKA": "Goroka",
  "GOT": "Gothenburg",
  "LPA": "Gran Canaria",
  "GCM": "Grand Cayman",
  "GFK": "Grand Fork",
  "GRR": "Grand Rapids",
  "GDT": "Grand Turk",
  "YQU": "Grande Prairie",
  "KGX": "Grayling",
  "GRZ": "Graz",
  "HAG": "Hagen",
  "HAK": "Haikou",
  "HAS": "Hail",
  "HKD": "Hakodate",
  "YHZ": "Halifax",
  "YUX": "Hall Beach",
  "HAM": "Hamburg",
  "YHM": "Hamilton",
  "PHF": "Hampton / Williamsburg",
  "HGH": "Hangzhou",
  "HAN": "Hanoi",
  "HAJ": "Hanover",
  "HRE": "Harare",
  "HRB": "Harbin",
  "HRL": "Harlingen",
  "HAR": "Harrisburg",
  "HFD": "Hartford",
  "BNH": "Hartford, Barnes",
  "BDL": "Bradley",
  "HDY": "Hat Yai",
  "HAU": "Haugesund",
  "HAV": "Havana",
  "YHY": "Hay River",
  "HFE": "Hefei",
  "HLN": "Helena",
  "AGH": "Helsingborg",
  "HEL": "Helsinki",
  "HER": "Heraklion",
  "HMO": "Hermosillo",
  "IGU": "Iguassu Falls",
  "ILI": "Iliamna",
  "IND": "Indianapolis",
  "INN": "Innsbruck",
  "YEV": "Inuvik",
  "IPH": "Ipoh",
  "YFB": "Iqaluit",
  "IQQ": "Iquique",
  "IMT": "Iron Mountain",
  "IFN": "Isfahan",
  "IRP": "Isiro",
  "ISB": "Islamabad",
  "ISC": "Isles of Scil, St. Mary\u2019s",
  "TSO": "Isles of Scil, Tresco",
  "JAC": "Jackson",
  "JAN": "Jackson",
  "JAX": "Jacksonville",
  "JAI": "Jaipur",
  "CGK": "Jakarta",
  "JKT": "Jakarta",
  "HLP": "Jakarta, Halim Perdana Kusuma",
  "JVL": "Janesville",
  "JED": "Jeddah",
  "JER": "Jersey",
  "KBL": "Kabul",
  "KAD": "Kaduna",
  "KOJ": "Kagoshima",
  "OGG": "Kahului",
  "KOA": "Kailua",
  "AZO": "Kalamazoo",
  "FCA": "Kalispell",
  "KLG": "Kalskag",
  "KAL": "Kaltag",
  "KNB": "Kanab",
  "KGA": "Kananga",
  "KAN": "Kano",
  "MKC": "Kansas City",
  "MCI": "Kansas City, International",
  "KHH": "Kaohsiung",
  "KHI": "Karachi",
  "KGF": "Karaganda",
  "KRP": "Karup",
  "KUK": "Kasigluk",
  "KSF": "Kassel",
  "KTM": "Kathmandu",
  "LIH": "Kauai Is",
  "ENA": "Kenai",
  "KER": "Kerman",
  "KTN": "Ketchikan",
  "KHV": "Khabarovsk",
  "IEV": "Kiev",
  "KBP": "Kiev, Borispol",
  "KGL": "Kigali",
  "JRO": "Kilimanjaro",
  "ILE": "Killeen",
  "KIM": "Kimberley",
  "KND": "Kindu",
  "LCE": "La Ceiba",
  "LSE": "La Crosse",
  "YGL": "La Grande",
  "LPB": "La Paz",
  "LAP": "La Paz Mex",
  "LBU": "Labuan",
  "LAE": "Lae",
  "LFT": "Lafayette",
  "LOS": "Lagos",
  "SNA": "Laguna Beach / Sant Ana",
  "LDU": "Lahad Datu",
  "LHE": "Lahore",
  "LCH": "Lake Charles",
  "LNY": "Lanai City",
  "LGK": "Langkawi",
  "LAN": "Lansing",
  "LHW": "Lanzhou",
  "LRD": "Laredo",
  "LCA": "Larnaca",
  "LSP": "Las Piedras",
  "LAS": "Las Vegas",
  "VGT": "Las Vegas, North Air Terminal",
  "LST": "Launceston",
  "LAW": "Lawton",
  "LEH": "Le Havre",
  "LBA": "Leeds",
  "LER": "Leinster",
  "LEJ": "Leipzig",
  "YQL": "Lethbridge",
  "LXA": "Lhasa",
  "LBV": "Libreville",
  "LGG": "Liege",
  "LIL": "Lille",
  "LLW": "Lilongwe",
  "LIM": "Lima",
  "LIG": "Limoges",
  "LNK": "Lincoln",
  "LNZ": "Linz",
  "MST": "Maastricht",
  "MCN": "Macon",
  "MSN": "Madison",
  "MAA": "Madras",
  "MAD": "Madrid",
  "GDX": "Magadan",
  "SEZ": "Mahe Island",
  "MIU": "Maiduguri",
  "MAJ": "Majuro",
  "AGP": "Malaga",
  "MLE": "Male",
  "MMA": "Malmo",
  "MAL": "Malongo",
  "MLA": "Malta",
  "MDC": "Manado",
  "MGA": "Managua",
  "MAO": "Manaus",
  "MAN": "Manchester",
  "MHT": "Manchester",
  "MNL": "Manila",
  "ZLO": "Manzanillo",
  "MPM": "Maputo",
  "MAR": "Maracaibo",
  "MBX": "Maribor",
  "PKB": "Marietta, Parkersburg",
  "MWA": "Marion",
  "MQT": "Marquette",
  "RAK": "Marrakech",
  "MRS": "Marseille",
  "MLL": "Marshall",
  "MVY": "Martha\u2019s Vineyard",
  "MHD": "Mashad",
  "MAM": "Matamoros",
  "MYJ": "Matsuyama",
  "MUN": "Maturin",
  "MRU": "Mauritius",
  "MAZ": "Mayaguez",
  "MZT": "Mazatlan",
  "MDK": "Mbandaka",
  "MJM": "Mbuji Mayi",
  "MFE": "Mc Allen",
  "MCG": "Mc Grath",
  "MES": "Medan",
  "MDE": "Medellin",
  "MFR": "Medford",
  "MED": "Medina",
  "MKR": "Meekatharp",
  "MYU": "Mekoryuk",
  "MEL": "Melbourne",
  "MLB": "Melbourne",
  "KAH": "Melbourne, City Heliport",
  "MEB": "Melbourne, Essendon",
  "MEM": "Memphis",
  "MDZ": "Mendoza",
  "MID": "Merida",
  "MRD": "Merida",
  "MEI": "Meridian",
  "MEX": "Mexico City",
  "NDJ": "N\u2019djamena",
  "NAN": "Nadi",
  "NGS": "Nagasaki",
  "NGO": "Nagoya",
  "NBO": "Nairobi",
  "WIL": "Nairobi",
  "KHN": "Nanchang",
  "ENC": "Nancy",
  "YSR": "Nanisivik",
  "NKG": "Nanjing",
  "NNG": "Nanning",
  "NTE": "Nantes",
  "ACK": "Nantucket",
  "WNA": "Napakiak",
  "PKA": "Napaskiak",
  "APF": "Naples",
  "NAP": "Naples",
  "BNA": "Nashville",
  "NAS": "Nassau",
  "NAT": "Natal",
  "NEU": "Neuchatel",
  "EWN": "New Bern",
  "MSY": "New Orleans",
  "NYC": "New York",
  "JFK": "New York, John F. Kennedy",
  "LGA": "New York, La Guardia",
  "EWR": "New York, Newark",
  "SWF": "Newburgh",
  "NCL": "Newcastle",
  "WWT": "Newtok",
  "OAK": "Oakland",
  "OAX": "Oaxaca",
  "OIT": "Oita",
  "OKJ": "Okayama",
  "OKA": "Okinawa",
  "OKC": "Oklahoma City",
  "OMA": "Omaha",
  "ONT": "Ontario",
  "ORN": "Oran",
  "ORB": "Orebro",
  "MCO": "Orlando",
  "OSA": "Osaka",
  "ITM": "Osaka, Itami",
  "PPG": "Pago Pago",
  "PLM": "Palembang",
  "PMO": "Palermo",
  "PSP": "Palm Springs",
  "PMI": "Palma de Mallorca",
  "PFN": "Panama City",
  "PTY": "Panama City",
  "PAC": "Panama City, Paitilla",
  "PPT": "Papeete",
  "PFO": "Paphos",
  "PBM": "Paramaribo",
  "ORG": "Paramaribo, Zorg En Hoop",
  "PAR": "Paris",
  "CDG": "Paris, Charles de Gaulle",
  "LBG": "Paris, Le Bourget",
  "ORY": "Paris, Orly",
  "PSC": "Pasco",
  "PUF": "Pau",
  "PEN": "Penang",
  "PNS": "Pensacola",
  "PIA": "Peoria",
  "PEI": "Pereira",
  "PGF": "Perpignan",
  "KPV": "Perryville",
  "PER": "Perth",
  "PSR": "Pescara",
  "PEW": "Peshawar",
  "PSG": "Petersburg",
  "PHL": "Philadelphia",
  "PNE": "Philadelphia, North",
  "PNH": "Phnom Penh",
  "PHX": "Phoenix",
  "SCF": "Phoenix, Scottsdale Municipal",
  "HKT": "Phuket",
  "PIR": "Pierre",
  "PSA": "Pisa",
  "PIT": "Pittsburgh",
  "PIU": "Piura",
  "PTU": "Platinum",
  "PYM": "Plymouth",
  "PIH": "Pocatello",
  "PNI": "Pohnpei",
  "PTP": "Point \u00e0 Pitre",
  "PNR": "Pointe Noire",
  "TAO": "Qingdao",
  "YQB": "Quebec",
  "UET": "Quetta",
  "RBA": "Rabat",
  "RAB": "Rabaul",
  "RDU": "Raleigh/Durham",
  "RGN": "Rangoon/Yangon",
  "RAP": "Rapid City",
  "RAR": "Rarotonga",
  "REC": "Recife",
  "RDV": "Red Devil",
  "RDD": "Redding",
  "YQR": "Regina",
  "RNO": "Reno",
  "YRB": "Resolute",
  "REK": "Reykjavik",
  "RIC": "Richmond",
  "RIX": "Riga",
  "RSC": "Riga, Skulte",
  "RMI": "Rimini",
  "RIO": "Rio de Janeiro",
  "GIG": "Rio de Janeiro, Internacional",
  "SDU": "Rio de Janeiro, Santos Dumont",
  "RGL": "Rio Gallegos",
  "RIJ": "Rioja",
  "RUH": "Riyadh",
  "SCN": "Saarbruecken",
  "SMF": "Sacramento",
  "SPN": "Saipan",
  "SID": "Sal",
  "SLC": "Salt Lake City",
  "SLW": "Saltillo",
  "SSA": "Salvador",
  "SZG": "Salzburg",
  "ADZ": "San Andres Island",
  "SJT": "San Angelo",
  "SAT": "San Antonio",
  "SVZ": "San Antonio",
  "SAN": "San Diego",
  "SFO": "San Francisco",
  "EMB": "San Francisco, Embarkadero",
  "SJC": "San Jose",
  "SJO": "San Jose",
  "SJD": "San Jose, Los Cabos",
  "SJU": "San Juan",
  "SIG": "San Juan, Isla Grande",
  "SLP": "San Luis Potosi",
  "SAP": "San Pedro Sula",
  "SAL": "San Salvador",
  "SOM": "San Tome",
  "SAH": "Sanaa",
  "SDP": "Sand Point",
  "SDK": "Sandakan",
  "SBA": "Santa Barbara",
  "SRZ": "Santa Cruz",
  "VVI": "Santa Cruz",
  "SMX": "Santa Maria",
  "SCL": "Santiago",
  "SCQ": "Santiago de Compostela",
  "SDQ": "Santo Domingo",
  "STD": "Santo Domingo",
  "SYX": "Sanya",
  "SLZ": "Sao Luiz",
  "SAO": "Sao Paulo",
  "CGH": "Sao Paulo, Congonhas",
  "GRU": "Sao Paulo, Guarulhos",
  "VCP": "Sao Paulo, Viracopos",
  "TMS": "Sao Tome Island",
  "SPK": "Sapporo",
  "CTS": "Sapporo, Chitose",
  "OKD": "Sapporo, Okadama",
  "SRQ": "Sarasota/ Bradenton",
  "YAM": "Sault Ste. Marie",
  "SAV": "Savannah",
  "SCM": "Scammon Bay",
  "AVP": "Scranton, Wilkes -Barre",
  "SEA": "Seattle",
  "SDX": "Sedona",
  "SOV": "Seldovia",
  "SDJ": "Sendai",
  "SEL": "Seoul",
  "SPE": "Sepulot",
  "SVQ": "Seville",
  "SWD": "Seward",
  "SHX": "Shageluk",
  "SHA": "Shanghai",
  "TBZ": "Tabriz",
  "TUU": "Tabuk",
  "TCQ": "Tacna",
  "TAE": "Taegu, Korea",
  "TXG": "Taichung",
  "TIF": "Taif",
  "TPE": "Taipei",
  "TSA": "Taipei, Shung Shan",
  "TYN": "Taiyuan",
  "TAK": "Takamatsu",
  "TYL": "Talara",
  "TLH": "Tallahassee",
  "TLL": "Tallinn",
  "TMR": "Tamanrasset",
  "TPA": "Tampa",
  "TMP": "Tampere",
  "TAL": "Tanana",
  "TNG": "Tangier",
  "TPP": "Tarapoto",
  "TAS": "Tashkent",
  "TWU": "Tawau",
  "MME": "Teesside",
  "TGU": "Tegucigalpa",
  "THR": "Tehran",
  "SDV": "Tel Aviv Yafo, Sde Dov",
  "TLV": "Tel Aviv Yafo, Tel Aviv",
  "ZCO": "Temuco",
  "TCI": "Tenerife",
  "TFN": "Tenerife, Norte Los Rodeos",
  "TFS": "Tenerife, Sur Reine So a",
  "TER": "Terceira",
  "YXT": "Terrace",
  "TXK": "Texarkana",
  "SKG": "Thessaloniki",
  "YQT": "Thunder Bay",
  "TSN": "Tianjin",
  "TIJ": "Tijuana",
  "TSR": "Timisoara",
  "TGI": "Tingo Maria",
  "UBJ": "Ube",
  "UKI": "Ukiah",
  "ULN": "Ulan Bator",
  "VAA": "Vaasa",
  "VLD": "Valdosta",
  "VLC": "Valencia",
  "VLN": "Valencia",
  "VLV": "Valera",
  "VLL": "Valladolid",
  "YVR": "Vancouver",
  "VST": "Vasteras",
  "VXO": "Vaxjo",
  "VEE": "Venetie",
  "VCE": "Venice",
  "TSF": "Venice, Treviso",
  "YWK": "Wabush",
  "ACT": "Waco",
  "WAW": "Warsaw",
  "WAS": "Washington",
  "IAD": "Washington, Dulles International",
  "DCA": "Washington, National",
  "YQH": "Watson Lake",
  "AUW": "Wausau",
  "WLG": "Wellington",
  "EAT": "Wenatchee",
  "PBI": "West Palm Beach",
  "HPN": "Westchester",
  "XMN": "Xiamen",
  "YKM": "Yakima",
  "YAK": "Yakutat",
  "GAJ": "Yamagata",
  "YNT": "Yantai",
  "YAP": "Yap Caroline Island",
  "ZCL": "Zacatecas",
  "ZAG": "Zagreb",
  "ZAH": "Zahedan",
  "ZNZ": "Zanzibar",
  "ZAZ": "Zaragoza",
  "ANC": "Anchorage",
  "MRI": "Anchorage, Merrill Field",
  "AOI": "Ancona",
  "ANS": "Andahuaylas",
  "AZA": "Anguilla",
  "ANI": "Aniak",
  "AKA": "Ankang",
  "ANK": "Ankara",
  "ESB": "Ankara, Esenboga",
  "NCY": "Annecy",
  "AYT": "Antalya",
  "TNR": "Antananarivo",
  "ANU": "Antigua",
  "ANF": "Antofagasta",
  "ANR": "Antwerp",
  "ANV": "Anvik",
  "AOJ": "Aomori",
  "APW": "Apia",
  "ATW": "Appleton",
  "AQJ": "Aqaba",
  "ACV": "Arcata, Eureka",
  "ARC": "Arctic Village",
  "ARE": "Arecibo",
  "AQP": "Arequipa",
  "ARI": "Arica",
  "AUA": "Aruba",
  "ASC": "Ascension",
  "AVL": "Asheville",
  "AKJ": "Ashikawa",
  "HTS": "Ashland, Huntington",
  "ASM": "Asmara",
  "OVD": "Asturias",
  "ASU": "Asuncion",
  "ASW": "Aswan",
  "ATH": "Athens",
  "ATL": "Atlanta",
  "JAO": "Atlanta, Beaver Ruin",
  "JAJ": "Atlanta, Perimeter",
  "AIY": "Atlantic City",
  "ACY": "Atlantic City, Pomona Field",
  "ATT": "Atmautluak",
  "AKL": "Auckland",
  "AGS": "Augusta",
  "AUS": "Austin",
  "AYP": "Ayacucho",
  "BIQ": "Biarritz",
  "BIO": "Bilbao",
  "BIL": "Billings",
  "BLL": "Billund",
  "BGM": "Binghamton",
  "BTU": "Bintulu",
  "BHM": "Birmingham",
  "BHX": "Birmingham",
  "BXO": "Bissau",
  "BLZ": "Blantyre",
  "BFN": "Bloemfontein",
  "BMI": "Bloomington",
  "BVB": "Boa Vista",
  "BOO": "Bodo",
  "BOG": "Bogota",
  "BOI": "Boise",
  "BLQ": "Bologna",
  "BOM": "Bombay",
  "BON": "Bonaire",
  "BOD": "Bordeaux",
  "BOS": "Boston",
  "WBU": "Boulder",
  "YVO": "Bourlamaq/Val D\u2019or",
  "BOH": "Bournemouth",
  "BZN": "Bozeman",
  "BRD": "Brainerd",
  "BSB": "Brasilia",
  "BTS": "Bratislava",
  "BZV": "Brazzaville",
  "BRE": "Bremen",
  "BES": "Brest",
  "BDR": "Bridgeport",
  "BNE": "Brisbane",
  "BRS": "Bristol",
  "BRO": "Brownsville",
  "BRU": "Brussels",
  "BGA": "Bucaramanga",
  "BUH": "Bucharest",
  "BBU": "Bucharest, Baneasa",
  "OTP": "Bucharest, Otopeni",
  "BUD": "Budapest",
  "BUE": "Buenos Aires",
  "EZE": "Buenos Aires, Ministro Pistarini",
  "AEP": "Buenos Aires, Jorge Newbery",
  "BJM": "Bujumbura",
  "BUQ": "Bulawayo",
  "BDG": "Bundaberg, Blanding",
  "BUR": "Burbank",
  "BTV": "Burlington",
  "BUZ": "Bushehr",
  "BTM": "Butte",
  "CKG": "Chongqing",
  "CHC": "Christchurch",
  "CHU": "Chuathbaluk",
  "CVG": "Cincinnati",
  "CME": "Ciudad Del Carmen",
  "CLE": "Cleveland",
  "BKL": "Cleveland, Burke Lakefront",
  "CBB": "Cochabamba",
  "COK": "Cochin",
  "COE": "Coeur D\u2019Alene",
  "CDB": "Cold Bay",
  "CLQ": "Colima",
  "CLL": "College Station",
  "CGN": "Cologne",
  "CMB": "Colombo",
  "COS": "Colorado Springs",
  "CAE": "Columbia",
  "COU": "Columbia",
  "CMH": "Columbus",
  "CSG": "Columbus",
  "UBS": "Columbus",
  "CKY": "Conakry",
  "CCP": "Concepcion",
  "CPH": "Copenhagen",
  "RKE": "Copenhagen, Roskilde",
  "CPO": "Copiapo",
  "CDV": "Cordova",
  "ORK": "Cork",
  "ELM": "Corning, Elmira",
  "CZE": "Coro",
  "CRP": "Corpus Christie",
  "NGW": "Corpus Christie, Cabaniss Field",
  "CUX": "Corpus Christie, Cuddihy Field",
  "COO": "Cotonou",
  "GXQ": "Coyhaique",
  "CZM": "Cozumel",
  "CKD": "Crokked Creek",
  "CZS": "Cruzeiro Do Sul",
  "CUE": "Cuenca",
  "CGB": "Cuiaba",
  "CPX": "Culebra",
  "CUL": "Culiacan",
  "CUM": "Cumana",
  "CUR": "Curacao",
  "CWB": "Curitiba",
  "CUZ": "Cusco",
  "DAC": "Dhaka",
  "DLG": "Dillingham",
  "DJE": "Djerba",
  "JIB": "Djibouti",
  "DOH": "Doha",
  "DCF": "Dominica, Cane Field",
  "DOM": "Dominica, Melville Hall",
  "DHN": "Dothan",
  "DLA": "Douala",
  "DRS": "Dresden",
  "DXB": "Dubai",
  "DUB": "Dublin",
  "DLH": "Duluth",
  "DGO": "Durango",
  "DRO": "Durango",
  "DUR": "Durban",
  "DUS": "Dusseldorf",
  "DUT": "Dutch Harbor",
  "ENS": "Enschede",
  "EBB": "Entebbe",
  "ECN": "Ercan",
  "EVN": "Erevan",
  "ERF": "Erfurt",
  "ERI": "Erie",
  "EUG": "Eugene",
  "EVV": "Evansville",
  "EVE": "Evenes",
  "EXT": "Exeter",
  "FRA": "Frankfurt",
  "YFC": "Fredericton",
  "FPO": "Freeport",
  "FNA": "Freetown",
  "HGS": "Freetown, Hastings",
  "FAT": "Fresno",
  "FDH": "Friedrichshafen",
  "FDF": "Ft de France",
  "FPR": "Ft Pierce",
  "YFS": "Ft Simpson",
  "FSM": "Ft Smith",
  "FWA": "Ft Wayne",
  "FYU": "Ft Yukon",
  "FUK": "Fukuoka",
  "FNC": "Funchal",
  "FOC": "Fuzhou",
  "GTF": "Great Falls",
  "GRB": "Green Bay",
  "GSO": "Greensboro",
  "GLH": "Greenville",
  "GSP": "Greenville",
  "PGV": "Greenville",
  "GND": "Grenada",
  "GNB": "Grenoble",
  "GRQ": "Groningen",
  "GDL": "Guadalajara",
  "GUM": "Guam",
  "CAN": "Guangzhou",
  "GUA": "Guatemala City",
  "GYE": "Guayaquil",
  "GCI": "Guernsey",
  "KWL": "Guilin",
  "KWE": "Guiyang",
  "GPT": "Gulfport",
  "GUC": "Gunnison",
  "ITO": "Hilo",
  "HIJ": "Hiroshima",
  "SGN": "Ho Chi Minh City",
  "HET": "Hohhot",
  "HCR": "Holy Cross",
  "HOM": "Homer",
  "HKG": "Hong Kong",
  "HNL": "Honolulu",
  "MKK": "Hoolehua",
  "HPB": "Hooper Bay",
  "HKN": "Hoskins",
  "HOU": "Houston",
  "IAH": "Houston, Intercontinental",
  "SGR": "Houston, Hull Field",
  "HUS": "Hughes",
  "HUY": "Humberside",
  "HSV": "Huntsville",
  "HSL": "Huslia",
  "HYA": "Hyannis",
  "HYD": "Hyderabad",
  "IST": "Istanbul",
  "ISP": "Islip, Long Island Macarthur",
  "ITH": "Ithaca",
  "KIB": "Ivano Bay",
  "IZM": "Izmir",
  "ADB": "Izmir, Adnan Menderes",
  "IGL": "Izmir, Cigli Military",
  "TNA": "Jinan",
  "JNB": "Johannesburg",
  "JON": "Johnston Island",
  "JHB": "Johor Bahru",
  "JKG": "Jonkoping",
  "JJI": "Juanjui",
  "JUB": "Juba",
  "JUL": "Juliaca",
  "JNU": "Juneau",
  "KVC": "King Cover",
  "AKN": "King Salm",
  "KIN": "Kingston",
  "KTP": "Kingston, Tinson",
  "FIH": "Kinshasa",
  "KPN": "Kipnuk",
  "KRN": "Kiruna",
  "FKI": "Kisangani",
  "KLU": "Klagenfurt",
  "TYS": "Knoxville",
  "KCZ": "Kochi",
  "ADQ": "Kodiak",
  "KMQ": "Komatsu",
  "KKH": "Kongiganak",
  "ROR": "Koror",
  "KSA": "Kosrae",
  "BKI": "Kota Kinabalu",
  "OTZ": "Kotzebue",
  "KYU": "Koyukuk",
  "KJA": "Krasnoyarsk",
  "KRS": "Kristiansand",
  "KUL": "Kuala Lumpur",
  "KCH": "Kuching",
  "KMJ": "Kumamoto",
  "KMG": "Kunming",
  "KUO": "Kuopio",
  "KUH": "Kushiro",
  "YGW": "Kuujjuarap",
  "KWI": "Kuwait",
  "KWA": "Kwajalein",
  "KWJ": "Kwangju",
  "KWT": "Kwethluk",
  "KWK": "Kwigillingok",
  "LIS": "Lisbon",
  "LIT": "Little Rock",
  "LPL": "Liverpool",
  "LVI": "Livingstone",
  "LJU": "Ljubljana",
  "LOB": "Lobito",
  "LFW": "Lome",
  "LON": "London",
  "YXU": "London",
  "LGW": "London, Gatwick",
  "LHR": "London, Heathrow",
  "LCY": "London, City Airport",
  "LTN": "London, Luton",
  "STN": "London, Stansted",
  "LGB": "Long Beach",
  "LTO": "Loreto",
  "LAX": "Los Angeles",
  "VNY": "Los Angeles",
  "LMM": "Los Mochis",
  "SDF": "Louisville",
  "LDE": "Lourdes/Tarbes",
  "LAD": "Luanda",
  "LBB": "Lubbock",
  "FBM": "Lubumbashi",
  "LKO": "Lucknow",
  "LUD": "Ludwigshafen",
  "LUG": "Lugano",
  "LLA": "Lulea",
  "LUB": "Lumid Pau",
  "LUN": "Lusaka",
  "LUX": "Luxembourg",
  "LXR": "Luxor",
  "LYS": "Lyon",
  "MIA": "Miami",
  "JDM": "Miami, Downtown Heliport",
  "MPB": "Miami, Sea Plane Base",
  "MAF": "Midland",
  "MIL": "Milan",
  "LIN": "Milan, Linate",
  "MXP": "Milan, Malpensa",
  "BGY": "Milan, Orio al Serio",
  "SWK": "Milan, Segrate",
  "MLF": "Milford",
  "MKE": "Milwaukee",
  "MTT": "Minatitlan",
  "MRV": "Mineralnye",
  "MSP": "Minneapolis",
  "MOT": "Minot",
  "MSQ": "Minsk",
  "MYY": "Miri",
  "MSO": "Missoula",
  "KMI": "Miyazaki",
  "MOB": "Mobile",
  "MLI": "Moline",
  "MBA": "Mombasa",
  "YQM": "Moncton",
  "MLU": "Monroe",
  "MLW": "Monrovia",
  "ROB": "Monrovia, Roberts International",
  "MBJ": "Montego Bay",
  "MTY": "Monterrey",
  "MVD": "Montevideo",
  "MGM": "Montgomery",
  "MPL": "Montpellier",
  "YMQ": "Montreal",
  "YUL": "Montreal, Dorval International",
  "YMX": "Montreal, Mirabel International",
  "MLM": "Morelia",
  "YVA": "Moroni",
  "HAH": "Moroni, Hahaya International",
  "MOW": "Moscow",
  "DME": "Moscow, Domodedovo",
  "SVO": "Moscow, Sheremetyevo",
  "VKO": "Moscow, Vnukovo",
  "HGU": "Mount Hagen",
  "FMO": "Muenster",
  "MLH": "Mulhouse",
  "MUC": "Munich",
  "MCT": "Muscat",
  "MKG": "Muskegon",
  "MYR": "Myrtle Beach",
  "IAG": "Niagara Falls",
  "NIM": "Niamey",
  "NCE": "Nice",
  "NME": "Nightmute",
  "KIJ": "Niigata",
  "FNI": "Nimes",
  "NGB": "Ningbo",
  "INI": "Nis",
  "OME": "Nome",
  "ORF": "Norfolk",
  "NSK": "Norilsk",
  "YVQ": "Norman Wells",
  "NRK": "Norrkoping",
  "NWI": "Norwich",
  "NKC": "Nouakchott",
  "NOU": "Noumea",
  "GEA": "Noumea, Magenta",
  "OVB": "Novosibirsk",
  "NLD": "Nuevo Laredo",
  "NUL": "Nulato",
  "NUP": "Nunapitchuk",
  "NUE": "Nuremberg",
  "KIX": "Osaka, Kansai International",
  "OSH": "Oshkosh",
  "OSI": "Osijek",
  "OSL": "Oslo",
  "FBU": "Oslo, Fornebu Airport",
  "GEN": "Oslo, Gardermoen",
  "ZOS": "Osorno",
  "OST": "Ostend",
  "YOW": "Ottawa",
  "OUA": "Ouagadougou",
  "OXR": "Oxnard/Ventura",
  "PSE": "Ponce",
  "PDL": "Ponta Delgada",
  "POR": "Pori",
  "PMV": "Porlamar",
  "PAP": "Port au Prince",
  "PLZ": "Port Elizabeth",
  "POG": "Port Gentil",
  "PGM": "Port Graham",
  "PHC": "Port Harcourt",
  "PHE": "Port Hedland",
  "PTH": "Port Heiden",
  "POM": "Port Moresby",
  "POS": "Port of Spain, Trinidad",
  "PVH": "Port Velho",
  "VLI": "Port Vila",
  "PDX": "Portland",
  "PWM": "Portland",
  "OPO": "Porto",
  "POA": "Porto Alegre",
  "PRG": "Prague",
  "PQI": "Presque Isle",
  "YXS": "Prince George",
  "YPR": "Prince Rupert",
  "PVD": "Providence",
  "PLS": "Providenciales",
  "SCC": "Prudhoe Bay / Deadhorse",
  "PCL": "Pucallpa",
  "PBC": "Puebla",
  "PYH": "Puerto Ayachucho",
  "PBL": "Puerto Cabello",
  "PXM": "Puerto Escondido",
  "PEM": "Puerto Maldonado",
  "PMC": "Puerto Montt",
  "PZO": "Puerto Ordaz",
  "POP": "Puerto Plata",
  "PVR": "Puerto Vallarta",
  "PUQ": "Punta Arenas",
  "PUS": "Pusan",
  "FNJ": "Pyongyang",
  "KWN": "Quinhagak",
  "UIO": "Quito",
  "ROA": "Roanoke",
  "RTB": "Roatan",
  "ROC": "Rochester",
  "RST": "Rochester",
  "RFD": "Rockford",
  "RWI": "Rocky Mount/Wilson",
  "ROM": "Rome",
  "CIA": "Rome, Clampino",
  "FCO": "Rome, Fiumicino",
  "ROL": "Roosevelt",
  "ROW": "Roswell",
  "ROP": "Rota",
  "RTM": "Rotterdam",
  "URO": "Rouen",
  "RBY": "Ruby",
  "RSH": "Russian Mission",
  "SNN": "Shannon",
  "SWA": "Shantou/Swatow",
  "SHJ": "Sharjah",
  "SYA": "Shemya Islands",
  "SHE": "Shenyang",
  "SZX": "Shenzhen",
  "LWK": "Tingwall",
  "SCS": "Shetland Islands, Scatsta",
  "LSI": "Shetland Islands, Sumuburgh",
  "SJW": "Shijiazhuang",
  "SYZ": "Shiraz",
  "SHV": "Shreveport",
  "SBW": "Sibu",
  "SIP": "Simferopol",
  "SIN": "Singapore",
  "QPG": "Singapore, Paya Lebar",
  "XSP": "Singapore, Seletar",
  "FSD": "Sioux Falls",
  "SIT": "Sitka",
  "SLQ": "Sleetmute",
  "SOF": "So a",
  "SKO": "Sokoto",
  "SXW": "Soldotna",
  "SGD": "Sonderborg",
  "SFJ": "Sondre Strom ord",
  "SBN": "South Bend",
  "SGF": "Spring eld",
  "SPI": "Spring eld",
  "RUN": "St. Denis de La Reunion",
  "SGU": "St. George",
  "STG": "St. George Island",
  "YYT": "St. Johns",
  "SKB": "St. Kitts",
  "STL": "St. Louis",
  "SLU": "St. Lucia",
  "UVF": "St. Lucia, Hewanorra",
  "SXM": "St. Maarten",
  "KSM": "St. Mary\u2019s",
  "LED": "St. Petersburg",
  "STT": "St. Thomas",
  "SVD": "St. Vincent",
  "HUX": "Sta Cruz Huat",
  "SVG": "Stavanger",
  "SBS": "Steamboat Spring",
  "SVS": "Stevens Village",
  "STO": "Stockholm",
  "ARN": "Stockholm, Arlanda",
  "BMA": "Stockholm, Bromma",
  "SCK": "Stockton",
  "SRV": "Stony River",
  "SXB": "Strasbourg",
  "STR": "Stuttgart",
  "YSB": "Sudbury",
  "SUI": "Sukhumi",
  "SDL": "Sundsvall",
  "SUB": "Surabaya",
  "SUV": "Suva",
  "SVX": "Sverdlovsk, Ekaterinburg",
  "SYD": "Sydney",
  "SYR": "Syracuse",
  "TAB": "Tobago",
  "OOK": "Toksook Bay",
  "TKS": "Tokushima",
  "TYO": "Tokyo",
  "HND": "Tokyo, Haneda",
  "NRT": "Tokyo, Narita Airport",
  "TOL": "Toledo",
  "TBU": "Tongatapu",
  "TOP": "Topeka",
  "YTO": "Toronto",
  "YYZ": "Toronto",
  "YTZ": "Toronto Island",
  "TRC": "Torreon",
  "TTJ": "Tottori",
  "TLN": "Toulon/Hyeres",
  "TLS": "Toulouse",
  "TOY": "Toyama",
  "TVC": "Traverse City",
  "TTN": "Trenton",
  "TRI": "Tri -City",
  "TRS": "Trieste",
  "TIP": "Tripoli",
  "TRV": "Trivandrum",
  "TMT": "Trombetas",
  "TOS": "Tromso",
  "TRD": "Trondheim",
  "TRU": "Trujillo",
  "TKK": "Truk",
  "TUS": "Tucson",
  "TUL": "Tulsa",
  "TLT": "Tuluksak",
  "TBP": "Tumbes",
  "TUN": "Tunis",
  "WTL": "Tuntutulia",
  "TNK": "Tununak",
  "TRN": "Turin",
  "TKU": "Turku",
  "TCL": "Tuscaloosa",
  "TGZ": "Tuxtla Gutierrez",
  "TWF": "Twin Falls",
  "TYR": "Tyler",
  "UME": "Umea",
  "UNK": "Unalakleet",
  "URC": "Urumqi",
  "VER": "Veracruz",
  "VEL": "Vernal",
  "VRN": "Verona",
  "YYJ": "Victoria",
  "VIE": "Vienna",
  "VTE": "Vientiane",
  "VQS": "Vieques",
  "VSA": "Villahermosa",
  "VNO": "Vilnius",
  "VIT": "Vitoria",
  "VVO": "Vladivostok",
  "LEB": "White River",
  "YXY": "Whitehorse",
  "ICT": "Wichita",
  "SPS": "Wichita Falls",
  "ILM": "Wilmington",
  "WDH": "Windhoek",
  "ERS": "Windhoek, Eros",
  "YQG": "Windsor",
  "YWG": "Winnipeg",
  "WRG": "Wrangell",
  "WUH": "Wuhan",
  "SIA": "Xian",
  "YZF": "Yellowknife",
  "INC": "Yinchuang",
  "YMS": "Yurimaguas",
  "UUS": "Yuzhno -Sakhalinsk",
  "ZHA": "Zhanjiang",
  "CGO": "Zhengzhou",
  "ZIH": "Zihuatanejo",
  "ZRH": "Zurich"
}